{
	"minecraft:bamboo":
	{
		"extraChance": 0.35
	},
	"minecraft:beetroot":
	{
		"extraChance": 1
	},
	"minecraft:cactus":
	{
		"extraChance": 0.45
	},
	"minecraft:carrot":
	{
		"extraChance": 1.5
	},
	"minecraft:carrots":
	{
		"extraChance": 1.5
	},
	"minecraft:cocoa_beans":
	{
		"extraChance": 1.5
	},
	"minecraft:kelp":
	{
		"extraChance": 0.25
	},
	"minecraft:kelp_plant":
	{
		"extraChance": 0.25
	},
	"minecraft:melon":
	{
		"extraChance": 1
	},
	"minecraft:nether_wart":
	{
		"extraChance": 0.75
	},
	"minecraft:potato":
	{
		"extraChance": 1.5
	},
	"minecraft:potatoes":
	{
		"extraChance": 1.5
	},
	"minecraft:pumpkin":
	{
		"extraChance": 0.6
	},
	"minecraft:sea_pickle":
	{
		"extraChance": 1.5
	},
	"minecraft:sugar_cane":
	{
		"extraChance": 0.33
	},
	"minecraft:wheat":
	{
		"extraChance": 0.5
	}
}