{
	"aquaculture:neptunium_bow":
	{
		"archeryWeapon": 1
	},
	"ars_nouveau:spell_bow":
	{
		"archeryWeapon": 1,
		"magicWeapon": 1
	},
	"botania:crystal":
	{
		"archeryWeapon": 1
	},
	"botania:livingwood_bow":
	{
		"archeryWeapon": 1
	},
	"botaniaadditions:terra_bow":
	{
		"archeryWeapon": 1
	},
	"dungeons_gear:ancient_bow":
	{
		"archeryWeapon": 1
	},
	"dungeons_gear:auto_crossbow":
	{
		"archeryWeapon": 1
	},
	"dungeons_gear:azure_seeker":
	{
		"archeryWeapon": 1
	},
	"dungeons_gear:baby_crossbow":
	{
		"archeryWeapon": 1
	},
	"dungeons_gear:bonebow":
	{
		"archeryWeapon": 1
	},
	"dungeons_gear:bow_of_lost_souls":
	{
		"archeryWeapon": 1
	},
	"dungeons_gear:burst_crossbow":
	{
		"archeryWeapon": 1
	},
	"dungeons_gear:butterfly_crossbow":
	{
		"archeryWeapon": 1
	},
	"dungeons_gear:corrupted_crossbow":
	{
		"archeryWeapon": 1
	},
	"dungeons_gear:doom_crossbow":
	{
		"archeryWeapon": 1
	},
	"dungeons_gear:dual_crossbow":
	{
		"archeryWeapon": 1
	},
	"dungeons_gear:elite_power_bow":
	{
		"archeryWeapon": 1
	},
	"dungeons_gear:exploding_crossbow":
	{
		"archeryWeapon": 1
	},
	"dungeons_gear:feral_soul_crossbow":
	{
		"archeryWeapon": 1
	},
	"dungeons_gear:firebolt_thrower":
	{
		"archeryWeapon": 1
	},
	"dungeons_gear:guardian_bow":
	{
		"archeryWeapon": 1
	},
	"dungeons_gear:harp_crossbow":
	{
		"archeryWeapon": 1
	},
	"dungeons_gear:haunted_bow":
	{
		"archeryWeapon": 1
	},
	"dungeons_gear:heavy_crossbow":
	{
		"archeryWeapon": 1
	},
	"dungeons_gear:hunters_promise":
	{
		"archeryWeapon": 1
	},
	"dungeons_gear:hunting_bow":
	{
		"archeryWeapon": 1
	},
	"dungeons_gear:imploding_crossbow":
	{
		"archeryWeapon": 1
	},
	"dungeons_gear:lighting_harp_crossbow":
	{
		"archeryWeapon": 1
	},
	"dungeons_gear:lightning_harp_crossbow":
	{
		"archeryWeapon": 1
	},
	"dungeons_gear:longbow":
	{
		"archeryWeapon": 1
	},
	"dungeons_gear:love_spell_bow":
	{
		"archeryWeapon": 1
	},
	"dungeons_gear:masters_bow":
	{
		"archeryWeapon": 1
	},
	"dungeons_gear:mechanical_shorbow":
	{
		"archeryWeapon": 1
	},
	"dungeons_gear:mechanical_shortbow":
	{
		"archeryWeapon": 1
	},
	"dungeons_gear:nocturnal_bow":
	{
		"archeryWeapon": 1
	},
	"dungeons_gear:power_bow":
	{
		"archeryWeapon": 1
	},
	"dungeons_gear:purple_storm":
	{
		"archeryWeapon": 1
	},
	"dungeons_gear:rapid_crossbow":
	{
		"archeryWeapon": 1
	},
	"dungeons_gear:red_snake":
	{
		"archeryWeapon": 1
	},
	"dungeons_gear:saberwing":
	{
		"archeryWeapon": 1
	},
	"dungeons_gear:sabrewing":
	{
		"archeryWeapon": 1
	},
	"dungeons_gear:scatter_crossbow":
	{
		"archeryWeapon": 1
	},
	"dungeons_gear:shortbow":
	{
		"archeryWeapon": 1
	},
	"dungeons_gear:slayer_crossbow":
	{
		"archeryWeapon": 1
	},
	"dungeons_gear:snow_bow":
	{
		"archeryWeapon": 1
	},
	"dungeons_gear:soul_bow":
	{
		"archeryWeapon": 1
	},
	"dungeons_gear:soul_crossbow":
	{
		"archeryWeapon": 1
	},
	"dungeons_gear:soul_hunter_crossbow":
	{
		"archeryWeapon": 1
	},
	"dungeons_gear:the_green_menace":
	{
		"archeryWeapon": 1
	},
	"dungeons_gear:the_pink_scoundrel":
	{
		"archeryWeapon": 1
	},
	"dungeons_gear:the_slicer":
	{
		"archeryWeapon": 1
	},
	"dungeons_gear:trickbow":
	{
		"archeryWeapon": 1
	},
	"dungeons_gear:twin_bow":
	{
		"archeryWeapon": 1
	},
	"dungeons_gear:voidcaller":
	{
		"archeryWeapon": 1
	},
	"dungeons_gear:winters_touch":
	{
		"archeryWeapon": 1
	},
	"expanded_combat:diamond_bow":
	{
		"archeryWeapon": 1
	},
	"expanded_combat:diamond_bow_half":
	{
		"archeryWeapon": 1
	},
	"expanded_combat:gold_bow":
	{
		"archeryWeapon": 1
	},
	"expanded_combat:gold_bow_half":
	{
		"archeryWeapon": 1
	},
	"expanded_combat:iron_bow":
	{
		"archeryWeapon": 1
	},
	"expanded_combat:iron_bow_half":
	{
		"archeryWeapon": 1
	},
	"expanded_combat:netherite_bow":
	{
		"archeryWeapon": 1
	},
	"extrabows:diamond_bow":
	{
		"archeryWeapon": 1
	},
	"extrabows:electric_bow":
	{
		"archeryWeapon": 1
	},
	"extrabows:emerald_bow":
	{
		"archeryWeapon": 1
	},
	"extrabows:golden_bow":
	{
		"archeryWeapon": 1
	},
	"extrabows:iron_bow":
	{
		"archeryWeapon": 1
	},
	"extrabows:stone_bow":
	{
		"archeryWeapon": 1
	},
	"funmod:bow_of_unendingfire":
	{
		"archeryWeapon": 1
	},
	"funmod:divine_bow":
	{
		"archeryWeapon": 1
	},
	"funmod:dragon_bow":
	{
		"archeryWeapon": 1
	},
	"funmod:predator":
	{
		"archeryWeapon": 1
	},
	"gemsnjewels:fast_bow":
	{
		"archeryWeapon": 1
	},
	"iceandfire:dragonbone_bow":
	{
		"archeryWeapon": 1
	},
	"ilikewood:acacia_bow":
	{
		"archeryWeapon": 1
	},
	"ilikewood:acacia_crossbow":
	{
		"archeryWeapon": 1
	},
	"ilikewood:birch_bow":
	{
		"archeryWeapon": 1
	},
	"ilikewood:birch_crossbow":
	{
		"archeryWeapon": 1
	},
	"ilikewood:cherry_bow":
	{
		"archeryWeapon": 1
	},
	"ilikewood:cherry_crossbow":
	{
		"archeryWeapon": 1
	},
	"ilikewood:crimson_bow":
	{
		"archeryWeapon": 1
	},
	"ilikewood:crimson_crossbow":
	{
		"archeryWeapon": 1
	},
	"ilikewood:dark_oak_bow":
	{
		"archeryWeapon": 1
	},
	"ilikewood:dark_oak_crossbow":
	{
		"archeryWeapon": 1
	},
	"ilikewood:dead_bow":
	{
		"archeryWeapon": 1
	},
	"ilikewood:dead_crossbow":
	{
		"archeryWeapon": 1
	},
	"ilikewood:fir_bow":
	{
		"archeryWeapon": 1
	},
	"ilikewood:fir_crossbow":
	{
		"archeryWeapon": 1
	},
	"ilikewood:hellbark_bow":
	{
		"archeryWeapon": 1
	},
	"ilikewood:hellbark_crossbow":
	{
		"archeryWeapon": 1
	},
	"ilikewood:jacaranda_bow":
	{
		"archeryWeapon": 1
	},
	"ilikewood:jacaranda_crossbow":
	{
		"archeryWeapon": 1
	},
	"ilikewood:jungle_bow":
	{
		"archeryWeapon": 1
	},
	"ilikewood:jungle_crossbow":
	{
		"archeryWeapon": 1
	},
	"ilikewood:magic_bow":
	{
		"archeryWeapon": 1
	},
	"ilikewood:magic_crossbow":
	{
		"archeryWeapon": 1
	},
	"ilikewood:mahogany_bow":
	{
		"archeryWeapon": 1
	},
	"ilikewood:mahogany_crossbow":
	{
		"archeryWeapon": 1
	},
	"ilikewood:oak_bow":
	{
		"archeryWeapon": 1
	},
	"ilikewood:oak_crossbow":
	{
		"archeryWeapon": 1
	},
	"ilikewood:palm_bow":
	{
		"archeryWeapon": 1
	},
	"ilikewood:palm_crossbow":
	{
		"archeryWeapon": 1
	},
	"ilikewood:redwood_bow":
	{
		"archeryWeapon": 1
	},
	"ilikewood:redwood_crossbow":
	{
		"archeryWeapon": 1
	},
	"ilikewood:spruce_bow":
	{
		"archeryWeapon": 1
	},
	"ilikewood:spruce_crossbow":
	{
		"archeryWeapon": 1
	},
	"ilikewood:umbran_bow":
	{
		"archeryWeapon": 1
	},
	"ilikewood:umbran_crossbow":
	{
		"archeryWeapon": 1
	},
	"ilikewood:warped_bow":
	{
		"archeryWeapon": 1
	},
	"ilikewood:warped_crossbow":
	{
		"archeryWeapon": 1
	},
	"ilikewood:willow_bow":
	{
		"archeryWeapon": 1
	},
	"ilikewood:willow_crossbow":
	{
		"archeryWeapon": 1
	},
	"minecraft:bow":
	{
		"archeryWeapon": 1
	},
	"minecraft:crossbow":
	{
		"archeryWeapon": 1
	},
	"minecraft:stone_pickaxe":
	{
		"autoValueOffsetTool": -10
	},
	"minecraft:wooden_pickaxe":
	{
		"autoValueOffsetTool": -10
	},
	"mvw:amethyst_bow":
	{
		"archeryWeapon": 1
	},
	"mvw:amethyst_crossbow":
	{
		"archeryWeapon": 1
	},
	"mvw:black_opal_bow":
	{
		"archeryWeapon": 1
	},
	"mvw:black_opal_crossbow":
	{
		"archeryWeapon": 1
	},
	"mvw:copper_bow":
	{
		"archeryWeapon": 1
	},
	"mvw:copper_crossbow":
	{
		"archeryWeapon": 1
	},
	"mvw:diamond_bow":
	{
		"archeryWeapon": 1
	},
	"mvw:diamond_crossbow":
	{
		"archeryWeapon": 1
	},
	"mvw:gold_bow":
	{
		"archeryWeapon": 1
	},
	"mvw:gold_crossbow":
	{
		"archeryWeapon": 1
	},
	"mvw:iron_bow":
	{
		"archeryWeapon": 1
	},
	"mvw:iron_crossbow":
	{
		"archeryWeapon": 1
	},
	"mvw:netherite_black_opal_bow":
	{
		"archeryWeapon": 1
	},
	"mvw:netherite_black_opal_crossbow":
	{
		"archeryWeapon": 1
	},
	"mvw:netherite_bow":
	{
		"archeryWeapon": 1
	},
	"mvw:netherite_crossbow":
	{
		"archeryWeapon": 1
	},
	"mvw:silver_bow":
	{
		"archeryWeapon": 1
	},
	"mvw:silver_crossbow":
	{
		"archeryWeapon": 1
	},
	"some_mod:gun":
	{
		"archeryWeapon": 1
	},
	"some_mod:staff":
	{
		"magicWeapon": 1
	},
	"some_mod:sword":
	{
		"meleeWeapon": 1
	},
	"spartanweaponry:heavy_crossbow_bronze":
	{
		"archeryWeapon": 1
	},
	"spartanweaponry:heavy_crossbow_copper":
	{
		"archeryWeapon": 1
	},
	"spartanweaponry:heavy_crossbow_diamond":
	{
		"archeryWeapon": 1
	},
	"spartanweaponry:heavy_crossbow_electrum":
	{
		"archeryWeapon": 1
	},
	"spartanweaponry:heavy_crossbow_gold":
	{
		"archeryWeapon": 1
	},
	"spartanweaponry:heavy_crossbow_invar":
	{
		"archeryWeapon": 1
	},
	"spartanweaponry:heavy_crossbow_iron":
	{
		"archeryWeapon": 1
	},
	"spartanweaponry:heavy_crossbow_lead":
	{
		"archeryWeapon": 1
	},
	"spartanweaponry:heavy_crossbow_leather":
	{
		"archeryWeapon": 1
	},
	"spartanweaponry:heavy_crossbow_netherite":
	{
		"archeryWeapon": 1
	},
	"spartanweaponry:heavy_crossbow_nickel":
	{
		"archeryWeapon": 1
	},
	"spartanweaponry:heavy_crossbow_platinum":
	{
		"archeryWeapon": 1
	},
	"spartanweaponry:heavy_crossbow_silver":
	{
		"archeryWeapon": 1
	},
	"spartanweaponry:heavy_crossbow_steel":
	{
		"archeryWeapon": 1
	},
	"spartanweaponry:heavy_crossbow_tin":
	{
		"archeryWeapon": 1
	},
	"spartanweaponry:heavy_crossbow_wood":
	{
		"archeryWeapon": 1
	},
	"spartanweaponry:longbow_bronze":
	{
		"archeryWeapon": 1
	},
	"spartanweaponry:longbow_copper":
	{
		"archeryWeapon": 1
	},
	"spartanweaponry:longbow_diamond":
	{
		"archeryWeapon": 1
	},
	"spartanweaponry:longbow_electrum":
	{
		"archeryWeapon": 1
	},
	"spartanweaponry:longbow_gold":
	{
		"archeryWeapon": 1
	},
	"spartanweaponry:longbow_invar":
	{
		"archeryWeapon": 1
	},
	"spartanweaponry:longbow_iron":
	{
		"archeryWeapon": 1
	},
	"spartanweaponry:longbow_lead":
	{
		"archeryWeapon": 1
	},
	"spartanweaponry:longbow_leather":
	{
		"archeryWeapon": 1
	},
	"spartanweaponry:longbow_netherite":
	{
		"archeryWeapon": 1
	},
	"spartanweaponry:longbow_nickel":
	{
		"archeryWeapon": 1
	},
	"spartanweaponry:longbow_platinum":
	{
		"archeryWeapon": 1
	},
	"spartanweaponry:longbow_silver":
	{
		"archeryWeapon": 1
	},
	"spartanweaponry:longbow_steel":
	{
		"archeryWeapon": 1
	},
	"spartanweaponry:longbow_tin":
	{
		"archeryWeapon": 1
	},
	"spartanweaponry:longbow_wood":
	{
		"archeryWeapon": 1
	},
	"switchbow:switchbow":
	{
		"archeryWeapon": 1
	},
	"switchbow:switchcrossbow":
	{
		"archeryWeapon": 1
	},
	"cgm:pistol":
	{
		"gunWeapon": 1
	},
	"cgm:shotgun":
	{
		"gunWeapon": 1
	},
	"cgm:rifle":
	{
		"gunWeapon": 1
	},
	"cgm:grenade_launcher":
	{
		"gunWeapon": 1
	},
	"cgm:bazooka":
	{
		"gunWeapon": 1
	},
	"cgm:mini_gun":
	{
		"gunWeapon": 1
	},
	"cgm:assault_rifle":
	{
		"gunWeapon": 1
	},
	"cgm:machine_pistol":
	{
		"gunWeapon": 1
	},
	"cgm:heavy_rifle":
	{
		"gunWeapon": 1
	},
	"cgm:missile":
	{
		"gunWeapon": 1
	},
	"cgm:grenade":
	{
		"gunWeapon": 1
	}
}