{	
	"bettercrates:copper_crate":
	{
		"mining": 15, "crafting": 5
	},
	"bettercrates:diamond_crate":
	{
		"mining": 30, "crafting": 15
	},
	"bettercrates:golden_crate":
	{
		"mining": 20, "crafting": 10
	},
	"bettercrates:iron_crate":
	{
		"mining": 20, "crafting": 5
	},
	"bettercrates:obsidian_crate":
	{
		"mining": 40, "crafting": 20, "magic": 10
	},
	"bettercrates:tin_crate":
	{
		"mining": 15, "crafting": 5
	},
	"bettercrates:up_copper":
	{
		"mining": 15, "crafting": 5
	},
	"bettercrates:up_diamond":
	{
		"mining": 30, "crafting": 15
	},
	"bettercrates:up_golden":
	{
		"mining": 20, "crafting": 10
	},
	"bettercrates:up_golden2":
	{
		"mining": 20, "crafting": 10
	},
	"bettercrates:up_golden3":
	{
		"mining": 20, "crafting": 10
	},
	"bettercrates:up_iron":
	{
		"mining": 20, "crafting": 5
	},
	"bettercrates:up_obsidian":
	{
		"mining": 40, "crafting": 20, "magic": 10
	},
	"bettercrates:up_tin":
	{
		"mining": 15, "crafting": 5
	},
	"hostilenetworks:loot_fabricator":
	{
		"combat": 30
	},
	"hostilenetworks:sim_chamber":
	{
		"combat": 30
	},
	"bonsaitrees3:bonsaipot":
	{
		"woodcutting": 20
	},
	"angelring:itemring":
	{
		"mining": 20, "crafting": 20, "building": 20, "flying": 10, "magic": 20
	},
	"minecraft:elytra":
	{
		"mining": 10, "crafting": 10, "building": 10, "flying": 5, "magic": 10
	},
	"silentgear:elytra":
	{
		"mining": 10, "crafting": 10, "building": 10, "flying": 5, "magic": 10
	}
}