{
	"appliedenergistics2:certus_quartz_axe":
	{
		"woodcutting": 10
	},
	"appliedenergistics2:certus_quartz_hoe":
	{
		"farming": 10
	},
	"appliedenergistics2:certus_quartz_pickaxe":
	{
		"mining": 10
	},
	"appliedenergistics2:certus_quartz_shovel":
	{
		"excavation": 10
	},
	"appliedenergistics2:nether_quartz_axe":
	{
		"woodcutting": 5
	},
	"appliedenergistics2:nether_quartz_hoe":
	{
		"farming": 5
	},
	"appliedenergistics2:nether_quartz_pickaxe":
	{
		"mining": 5
	},
	"appliedenergistics2:nether_quartz_shovel":
	{
		"excavation": 5
	},
	"aquaculture:neptunium_axe":
	{
		"woodcutting": 20
	},
	"aquaculture:neptunium_hoe":
	{
		"farming": 20
	},
	"aquaculture:neptunium_pickaxe":
	{
		"mining": 20
	},
	"aquaculture:neptunium_shovel":
	{
		"excavation": 20
	},
	"create:deforester":
	{
		"woodcutting": 20
	},
	"endreborn:end_stone_axe":
	{
		"woodcutting": 10
	},
	"endreborn:end_stone_hoe":
	{
		"farming": 10
	},
	"endreborn:end_stone_pickaxe":
	{
		"mining": 10
	},
	"endreborn:end_stone_shovel":
	{
		"excavation": 10
	},
	"endreborn:endorium_axe":
	{
		"woodcutting": 15
	},
	"endreborn:endorium_hoe":
	{
		"farming": 15
	},
	"endreborn:endorium_pickaxe":
	{
		"mining": 15
	},
	"endreborn:endorium_shovel":
	{
		"excavation": 15
	},
	"endreborn:wolframium_axe":
	{
		"woodcutting": 20
	},
	"endreborn:wolframium_hoe":
	{
		"farming": 20
	},
	"endreborn:wolframium_pickaxe":
	{
		"mining": 20
	},
	"endreborn:wolframium_shovel":
	{
		"excavation": 20
	},
	"extendednether:netherite_axe":
	{
		"woodcutting": 30
	},
	"extendednether:netherite_hoe":
	{
		"farming": 30
	},
	"extendednether:netherite_pickaxe":
	{
		"mining": 30
	},
	"extendednether:netherite_shovel":
	{
		"excavation": 30
	},
	"iceandfire:copper_axe":
	{
		"woodcutting": 5
	},
	"iceandfire:copper_hoe":
	{
		"farming": 5
	},
	"iceandfire:copper_pickaxe":
	{
		"mining": 5
	},
	"iceandfire:copper_shovel":
	{
		"excavation": 5
	},
	"iceandfire:dragonbone_axe":
	{
		"woodcutting": 15
	},
	"iceandfire:dragonbone_hoe":
	{
		"farming": 15
	},
	"iceandfire:dragonbone_pickaxe":
	{
		"mining": 15
	},
	"iceandfire:dragonbone_shovel":
	{
		"excavation": 15
	},
	"iceandfire:dragonsteel_fire_axe":
	{
		"woodcutting": 15
	},
	"iceandfire:dragonsteel_fire_hoe":
	{
		"farming": 15
	},
	"iceandfire:dragonsteel_fire_pickaxe":
	{
		"mining": 15
	},
	"iceandfire:dragonsteel_fire_shovel":
	{
		"excavation": 15
	},
	"iceandfire:dragonsteel_ice_axe":
	{
		"woodcutting": 15
	},
	"iceandfire:dragonsteel_ice_hoe":
	{
		"farming": 15
	},
	"iceandfire:dragonsteel_ice_pickaxe":
	{
		"mining": 15
	},
	"iceandfire:dragonsteel_ice_shovel":
	{
		"excavation": 15
	},
	"iceandfire:dragonsteel_lightning_axe":
	{
		"woodcutting": 15
	},
	"iceandfire:dragonsteel_lightning_hoe":
	{
		"farming": 15
	},
	"iceandfire:dragonsteel_lightning_pickaxe":
	{
		"mining": 15
	},
	"iceandfire:dragonsteel_lightning_shovel":
	{
		"excavation": 15
	},
	"iceandfire:mymrex_jungle_axe":
	{
		"woodcutting": 5
	},
	"iceandfire:mymrex_jungle_hoe":
	{
		"farming": 5
	},
	"iceandfire:myrmex_desert_axe":
	{
		"woodcutting": 5
	},
	"iceandfire:myrmex_desert_hoe":
	{
		"farming": 5
	},
	"iceandfire:myrmex_desert_pickaxe":
	{
		"mining": 5
	},
	"iceandfire:myrmex_desert_shovel":
	{
		"excavation": 5
	},
	"iceandfire:myrmex_jungle_pickaxe":
	{
		"mining": 5
	},
	"iceandfire:myrmex_jungle_shovel":
	{
		"excavation": 5
	},
	"iceandfire:silver_axe":
	{
		"woodcutting": 5
	},
	"iceandfire:silver_hoe":
	{
		"farming": 5
	},
	"iceandfire:silver_pickaxe":
	{
		"mining": 5
	},
	"iceandfire:silver_shovel":
	{
		"excavation": 5
	},
	"minecraft:diamond_axe":
	{
		"woodcutting": 20
	},
	"minecraft:diamond_hoe":
	{
		"farming": 20
	},
	"minecraft:diamond_pickaxe":
	{
		"mining": 20
	},
	"minecraft:diamond_shovel":
	{
		"excavation": 20
	},
	"minecraft:golden_axe":
	{
		"woodcutting": 10
	},
	"minecraft:golden_hoe":
	{
		"farming": 10
	},
	"minecraft:golden_pickaxe":
	{
		"mining": 10
	},
	"minecraft:golden_shovel":
	{
		"excavation": 10
	},
	"minecraft:iron_axe":
	{
		"woodcutting": 5
	},
	"minecraft:iron_hoe":
	{
		"farming": 5
	},
	"minecraft:iron_pickaxe":
	{
		"mining": 5
	},
	"minecraft:iron_shovel":
	{
		"excavation": 5
	},
	"minecraft:netherite_axe":
	{
		"woodcutting": 30
	},
	"minecraft:netherite_hoe":
	{
		"farming": 30
	},
	"minecraft:netherite_pickaxe":
	{
		"mining": 30
	},
	"minecraft:netherite_shovel":
	{
		"excavation": 30
	},
	"minecraft:stone_axe":
	{
		"woodcutting": 1
	},
	"minecraft:stone_hoe":
	{
		"farming": 1
	},
	"minecraft:stone_pickaxe":
	{
		"mining": 1
	},
	"minecraft:stone_shovel":
	{
		"excavation": 1
	},
	"minecraft:wooden_axe":
	{
		"woodcutting": 1
	},
	"minecraft:wooden_hoe":
	{
		"farming": 1
	},
	"minecraft:wooden_pickaxe":
	{
		"mining": 1
	},
	"minecraft:wooden_shovel":
	{
		"excavation": 1
	},
	
}