{
	"#forge:ores/coal":
	{
		"minecraft:diamond":
		{
			"startChance": 0.01,
			"startLevel": 1,
			"endChance": 0.1,
			"endLevel": 200,
			"xpPerItem": 100,
			"minCount": 1,
			"maxCount": 1
		}
	},
	"#minecraft:leaves":
	{
		"minecraft:apple":
		{
			"startChance": 0.1,
			"startLevel": 1,
			"endChance": 2,
			"endLevel": 150,
			"xpPerItem": 4.5,
			"minCount": 1,
			"maxCount": 3
		},
		"minecraft:golden_apple":
		{
			"startChance": 0.01,
			"startLevel": 25,
			"endChance": 0.1,
			"endLevel": 150,
			"xpPerItem": 333,
			"minCount": 1,
			"maxCount": 1
		},
		"minecraft:enchanted_golden_apple":
		{
			"startChance": 0.0025,
			"startLevel": 50,
			"endChance": 0.025,
			"endLevel": 150,
			"xpPerItem": 666,
			"minCount": 1,
			"maxCount": 1
		}
	},
	"minecraft:dirt":
	{
		"minecraft:cake":
		{
			"startChance": 0.001523,
			"startLevel": 1,
			"endChance": 0.03251,
			"endLevel": 150,
			"xpPerItem": 1523,
			"minCount": 1,
			"maxCount": 1
		},
		"minecraft:bone":
		{
			"startChance": 0.1,
			"startLevel": 25,
			"endChance": 1,
			"endLevel": 125,
			"xpPerItem": 8,
			"minCount": 1,
			"maxCount": 3
		}
	},
	"#forge:stone":
	{
		"minecraft:iron_nugget":
		{
			"startChance": 0.1,
			"startLevel": 1,
			"endChance": 2,
			"endLevel": 150,
			"xpPerItem": 5,
			"minCount": 1,
			"maxCount": 3
		}
	},
	"create:dark_scoria":
	{
		"minecraft:iron_nugget":
		{
			"startChance": 0.1,
			"startLevel": 1,
			"endChance": 2,
			"endLevel": 150,
			"xpPerItem": 5,
			"minCount": 2,
			"maxCount": 2
		}
	},
	"create:dolomite":
	{
		"minecraft:iron_nugget":
		{
			"startChance": 0.1,
			"startLevel": 1,
			"endChance": 2,
			"endLevel": 150,
			"xpPerItem": 5,
			"minCount": 1,
			"maxCount": 3
		}
	},
	"create:gabbro":
	{
		"minecraft:iron_nugget":
		{
			"startChance": 0.1,
			"startLevel": 1,
			"endChance": 2,
			"endLevel": 150,
			"xpPerItem": 5,
			"minCount": 1,
			"maxCount": 3
		}
	},
	"create:limestone":
	{
		"minecraft:iron_nugget":
		{
			"startChance": 0.1,
			"startLevel": 1,
			"endChance": 2,
			"endLevel": 150,
			"xpPerItem": 5,
			"minCount": 1,
			"maxCount": 2
		}
	},
	"create:natural_scoria":
	{
		"minecraft:iron_nugget":
		{
			"startChance": 0.1,
			"startLevel": 25,
			"endChance": 2,
			"endLevel": 200,
			"xpPerItem": 5,
			"minCount": 2,
			"maxCount": 4
		}
	},
	"create:scoria":
	{
		"minecraft:iron_nugget":
		{
			"startChance": 0.1,
			"startLevel": 1,
			"endChance": 2,
			"endLevel": 150,
			"xpPerItem": 5,
			"minCount": 1,
			"maxCount": 3
		}
	},
	"create:weathered_limestone":
	{
		"minecraft:iron_nugget":
		{
			"startChance": 0.1,
			"startLevel": 1,
			"endChance": 2,
			"endLevel": 150,
			"xpPerItem": 5,
			"minCount": 1,
			"maxCount": 1
		}
	},
	"minecraft:bookshelf":
	{
		"minecraft:music_disc_pigstep":
		{
			"startChance": 0.05,
			"startLevel": 1,
			"endChance": 0.2,
			"endLevel": 100,
			"xpPerItem": 12.5,
			"minCount": 1,
			"maxCount": 1
		}
	},
	"minecraft:grass_block":
	{
		"minecraft:grass":
		{
			"startChance": 0.1,
			"startLevel": 1,
			"endChance": 1,
			"endLevel": 100,
			"xpPerItem": 3,
			"minCount": 1,
			"maxCount": 1
		}
	},
	"minecraft:gravel":
	{
		"minecraft:gunpowder":
		{
			"startChance": 0.2,
			"startLevel": 1,
			"endChance": 2,
			"endLevel": 125,
			"xpPerItem": 4,
			"minCount": 1,
			"maxCount": 4
		}
	},
	"minecraft:magma_block":
	{
		"minecraft:magma_cream":
		{
			"startChance": 0.1,
			"startLevel": 25,
			"endChance": 1,
			"endLevel": 150,
			"xpPerItem": 12.5,
			"minCount": 1,
			"maxCount": 2
		}
	},
	"minecraft:netherrack":
	{
		"minecraft:gold_nugget":
		{
			"startChance": 0.1,
			"startLevel": 25,
			"endChance": 2,
			"endLevel": 150,
			"xpPerItem": 7.5,
			"minCount": 1,
			"maxCount": 3
		}
	},
	"minecraft:podzol":
	{
		"minecraft:sweet_berries":
		{
			"startChance": 0.1,
			"startLevel": 15,
			"endChance": 1,
			"endLevel": 150,
			"xpPerItem": 3,
			"minCount": 1,
			"maxCount": 3
		}
	},
	"minecraft:sand":
	{
		"biomesoplenty:white_sand":
		{
			"startChance": 0.05,
			"startLevel": 1,
			"endChance": 1,
			"endLevel": 180,
			"xpPerItem": 2,
			"minCount": 1,
			"maxCount": 4
		}
	},
	"minecraft:soul_sand":
	{
		"minecraft:ghast_tear":
		{
			"startChance": 0.1,
			"startLevel": 25,
			"endChance": 1,
			"endLevel": 125,
			"xpPerItem": 15,
			"minCount": 1,
			"maxCount": 2
		}
	}
}