{
	"minecraft:bamboo_jungle":
	{
		"minecraft:slowness": 0,
		"minecraft:weakness": 0
	},
	"minecraft:bamboo_jungle_hills":
	{
		"minecraft:slowness": 0,
		"minecraft:weakness": 0
	},
	"minecraft:cold_ocean":
	{
		"minecraft:slowness": 1,
		"minecraft:weakness": 0
	},
	"minecraft:deep_frozen_ocean":
	{
		"minecraft:slowness": 3,
		"minecraft:weakness": 2
	},
	"minecraft:deep_ocean":
	{
		"minecraft:slowness": 0
	},
	"minecraft:frozen_ocean":
	{
		"minecraft:slowness": 2,
		"minecraft:weakness": 1
	},
	"minecraft:jungle":
	{
		"minecraft:slowness": 0,
		"minecraft:weakness": 0
	},
	"minecraft:jungle_edge":
	{
		"minecraft:slowness": 0,
		"minecraft:weakness": 0
	},
	"minecraft:jungle_hills":
	{
		"minecraft:slowness": 0,
		"minecraft:weakness": 0
	},
	"minecraft:ocean":
	{
		"minecraft:slowness": 0
	}
}