{
	"aquaculture:jellyfish":
	{
		"extraChance": 0.25
	},
	"aquaculture:leech":
	{
		"extraChance": 0.25
	},
	"minecraft:blaze_powder":
	{
		"extraChance": 0.35
	},
	"minecraft:dragon_breath":
	{
		"extraChance": 3
	},
	"minecraft:fermented_spider_eye":
	{
		"extraChance": 0.6
	},
	"minecraft:ghast_tear":
	{
		"extraChance": 0.75
	},
	"minecraft:glistering_melon_slice":
	{
		"extraChance": 0.45
	},
	"minecraft:glowstone_dust":
	{
		"extraChance": 0.45
	},
	"minecraft:golden_carrot":
	{
		"extraChance": 0.5
	},
	"minecraft:gunpowder":
	{
		"extraChance": 0.45
	},
	"minecraft:magma_cream":
	{
		"extraChance": 0.6
	},
	"minecraft:nether_wart":
	{
		"extraChance": 0.25
	},
	"minecraft:phantom_membrane":
	{
		"extraChance": 0.7
	},
	"minecraft:pufferfish":
	{
		"extraChance": 0.45
	},
	"minecraft:rabbit_foot":
	{
		"extraChance": 0.65
	},
	"minecraft:redstone":
	{
		"extraChance": 0.4
	},
	"minecraft:spider_eye":
	{
		"extraChance": 0.45
	},
	"minecraft:sugar":
	{
		"extraChance": 0.3
	},
	"minecraft:turtle_helmet":
	{
		"extraChance": 2
	}
}